{
    "classification_scores": {
        "accuracy": 0.819614711033275,
        "aopc_thresholds": null,
        "comprehensiveness": 0.3514832779895612,
        "comprehensiveness_aopc": null,
        "comprehensiveness_aopc_points": null,
        "comprehensiveness_entropy": -0.1743925090675903,
        "comprehensiveness_kl": 0.9406002192718066,
        "prf": {
            "0": {
                "f1-score": 0.0,
                "precision": 0.0,
                "recall": 0.0,
                "support": 0.0
            },
            "1": {
                "f1-score": 0.9008662175168431,
                "precision": 1.0,
                "recall": 0.819614711033275,
                "support": 1142.0
            },
            "accuracy": 0.819614711033275,
            "macro avg": {
                "f1-score": 0.4504331087584216,
                "precision": 0.5,
                "recall": 0.4098073555166375,
                "support": 1142.0
            },
            "weighted avg": {
                "f1-score": 0.900866217516843,
                "precision": 1.0,
                "recall": 0.819614711033275,
                "support": 1142.0
            }
        },
        "sufficiency": 0.13652717887265722,
        "sufficiency_aopc": null,
        "sufficiency_aopc_points": null,
        "sufficiency_entropy": -0.05306523447163887,
        "sufficiency_kl": 0.3193617514400618
    },
    "iou_scores": [
        {
            "macro": {
                "f1": 0.26686047168935384,
                "p": 0.21085814360770577,
                "r": 0.3633683596030356
            },
            "micro": {
                "f1": 0.2111324376199616,
                "p": 0.1566505269154087,
                "r": 0.3237198351971748
            },
            "threshold": 0.5
        }
    ],
    "rationale_prf": {
        "instance_macro": {
            "f1": 0.05895741250382231,
            "p": 0.048555166374781085,
            "r": 0.08880618797431407
        },
        "instance_micro": {
            "f1": 0.054510556621881,
            "p": 0.04044431785816007,
            "r": 0.08357857563272514
        }
    },
    "token_prf": {
        "instance_macro": {
            "f1": 0.44654032980221586,
            "p": 0.5992994746059545,
            "r": 0.4695402159702617
        },
        "instance_micro": {
            "f1": 0.36765655261459007,
            "p": 0.5989482909728309,
            "r": 0.2652332531242723
        }
    },
    "token_soft_metrics": {
        "auprc": 0.42698777612402133,
        "average_precision": 0.48709721435192294,
        "roc_auc_score": 0.5496917530992179
    }
}